text,label
ganjar pranowo pemimpin rakyat,3
ketawain pikir jualan hoax laku,1
ganjar pranowo pemimpin ideal,3
pemimpin memiliki prestasi merakyat ganjar pranowo for presiden indonesia,3
pastinya enak nih bu resepnya dishare bu,2
historis negeri mental inlander pasukan ireng pengkhianat musuh duri dlm daging yg dinahkodai parpol dg jargon nasionalis hhaha cc,2
lanjutkan,2
org org pintar org sabar org tegar org segar pilih ganjar,2
jauhkah perjalanan kasih orang yg dicintainya nini met pagi,2
partai amanat nasional mantap memajukan nama menteri bumn erick thohir cawapres cawapres prabowo subianto kontestasi pilpres,2
pengamat politik indonesia political opinion dedi kurnia syah padeh ganjar pranowo disandingkan masmen bumn erick thohir menebalkan elektabilitas padeh gp sosok putra terbaik sumatra bersanding putra terbaik jawa,2
ga nanya,1
insya allah anies menang,3
rekam jejak,2
sih jokowi om,2
bicara bohong sdh ketahuan trs ga malunya,1
ganjarist aceh memenangkan ganjar pranowo pilpres,3
istighfar dhe tensi hrs dijaga biar ngga tembus salam santun pagi dhe semoga dg kebiasaan menjalani puasa sunah senin kamis menjadikan dingin hati dingin fikiran semoga lindungan allah aamiin,3
mnyebar kebohohongan dngan membalikkan kesalahn pd orng jleas anis mantan gubernur pecatan kt duit drmana yg t ngeruk yg bs bayar buzer gocap menggongongi rakyat yg mgkritisi,1
sy foto trs d viralkan smua jln propinsi spt sungai jln tdk d rawat kanan kiri jln slm th rumput dibiarkan spt hutan gk pntas sbg jln propinsi amp petani mnjerit mslh pupuk ya diam sj mmg org gk malu sj ngotot pengen jd presiden,2
kehebatan yg makan ckckck,1
dukungan masyarakat indonesia menteri bumn erick thohir cawapres ganjar pranowo pilpres kelebihan yg dimiliki menebarkan elektabilitas,2
petugas partai ngeri pilih presiden petugas partai ganjar jokowi jokowi tdk mengkhianati presidennya walikota gubernur menolak pildun u memilih memilih politisi parpol menolak pildun u,1
si penyuka bokep pengikutnya jutaan like ribu wkwkwk tergambarkan elektabilitasnya,1
gue gk dukung penggemar bokep lo tetep sodara gue,1
hai ngatain orang yg mengkritisi buzer anies sbnernya yg bayaran acara joging hrs gocap kampanye sda hrs gocap pemerintah dikritik wajar negara milik moyang kalean sok pnguasa,1
kayak gini nih pujya hp secrol f baca brita donk,2
mas broo sby duda mega janda wajarlah kesemsem dibawa mimpi wkwkwkwkwkwkwkwkwkk,2
hebat janji nya hilang jejak,2
presiden indonesia h joko widodo,3
ganjar capres terbaik,2
ngaruh,2
ndull,2
dukungan ganjar pranowo kali musisi musisi indonesia musisi ganjar meneruskan kinerja jokowi sosoknya yg merakyat banjir dukungan kalangan argentina titanic pasutri gaje syahnaz,2
hebat sumpah mbah yg jalan kaki ekkelek jogja jkt yg tdk tepati,1
relawan ganjar pranowo berharap demokrat tinggalkan anies baswedan puan maharani bantu ahy bertahan,2
koq ya survey release nya mingguan bayar gampang cari sampling samplingnya ah hiburan,1
yg pas cocok mendampingin capres cawapres nya,2
dukung ganjar pranowo mengalir deras kalangan komunitas,2
mantul,2
prof dr kh nasarudin umar imam masjid istiqlal pilihan utk mendampingi cc,2
tulus mengabdi rakyat sbg presiden republik indonesia dunia maya twitter facebook ig tiktok wajar polling nya yg polling pengangguran yg slalu mentengin sosmed ga memiliki jo taylor swift,1
ndobol km njar,2
salam sehat jg,3
memiliki izin tambang penambangan alasan warga menolak solusinya mohon pencerahan,2
kerukunan umat beragama yg terbaik jawa patut utk percontohan daerah yg sdm org jateng udh maju realistis,1
ali fikri kpk profesional berdasarkan bukti tuh si dpt ribu us mandalika sisakan utang instansi gk selidiki asbun aja lo,2
sinetron yg wan kibul wanita tuna susila dr yaman dtg menjumpai wan kibul tuk pertanggung,2
mayoritas aja hasil paksaan,2
selamat pagi salam sehat amp budaya nusantara mengeluarkan keris sarungnya filosofi mantha mbah lanjutkan bersihkan begal raja yg menjijikkan sakam metal,1
melawan politisasi agama,3
yg ganjar pranowo,3
owalah ternyanya buzerrp nya amies basedan mantan napi,1
pegaruh porno bikin otak ganjar korslet miskin bahagia lagu tipu,1
udah bis ketebak capres bernama anirs rasyid baswedan terdegradasi,2
pelaku pelecehan seksual didukung ga aturan uu yg dilanggar nonton bokep tp hobi peleceh x ual melanggar dr segi hukum agama,1
sok sokan war tiket presiden cawe tinggal duduk disampingnya beres gitu ngaku klo suka bola sukanya censored,1
ah masaak entar ngibul,2
ee ya,1
jateng ku keren,2
yuk sadar gizi protein semoga stunting menurun,3
bener setuju anak muda berperan menanggulangi stunting,3
kebutuhan gizi protein membentuk anak bangsa yg cerdas semoga stunting menurun,3
insya allah kl anies jd presiden sejahtera rakyatnya,1
kalimantan sarang china asli tiongkok klo diteruskan,2
gabungan seniman indonesia gsi mendeklarasikan dukungannya ganjar pranowo deklarasi bersamaan silaturahmi akbar relawan ganjar pranowo bertema merawat jiwa nusantara tagline ganjar argentina titanic pasutri gaje syahnaz,3
semangat ganjar ganjar peduli masyarakat,3
ahmad basarah artikan presiden ri mimpi sby mengarah ganjar pranowo analisisnya,2
semangat ganjar semoga stunting jateng menurun secepatnya,3
akun netes kakean bacot,2
anak muda peduli bangsa berperan menanggulangi stunting,2
keren bgt,2
lanjoot jing kejang nya mumpung pagi,2
berharap stunting indonesia jateng menurun peka kebutuhan gizi,1
fakir miskin orang terlantar dipelihara negara slogan,1
bener bgt anak muda berperan menanggulangi stunting,3
ganjar peduli bgt masyarakatnya luv luv deh,2
mari wujudkan indonesia maju menanggulangi stunting,3
tetangga sebelah ya tau mas pura ga liat aja pokoknya salah dyann,1
semoga stunting jateng menurun ya,1
gus imin dipingit,2
anak bangsa berperang menanggulangi stunting,2
pengamat merangkap timses parpol dipegang omonganja klean ngak punja otak,1
anggap remeh stunting anak muda menanggulangi stunting,3
assalamualaikum maaf besarnya kebapa ganjarpranowo bantu dimana sekeluarga mencari keadilan pembunuhan paman tutup tutupi oknum polisi,2
anak muda berperan menanggulangi stunting,3
korban cabul nya firza husein ya,1
silahken negara bebas memilih dipilih tau ceritanya dukung capres penggemar bokep penggusur rakyat baubau korupsi e ktp miskin prestasi,1
tukang nonton film porno orang,1
yg gp pelaku dipecat terbukti bersalah dipenjara pd pidana dipecat perdata lbh maksudnya poin no yg gp beliau pandai berkomunikasi,1
tolong jawa sejujur jujurnya pertanyaannya sih prestasi gubernur jawa sih alasan mencapreskan ganjar pranowo kader potensial mbak puan maharani budiman sudjatmiko,2
ektp ku loncat dompet,2
bilang menjemput takdirnya presiden republik indonesia caci maki guling pingsan serentak indonesia kalianmemangsampahperadaban,3
teman relawan pendukung ganjar pranowo database infografis prestasi membantu menambah amunisi temen temen berperang udara silahkan d sebarkan anggota relawannya terima kasih,2
